{
"name": "./tiles",
"description": "./tiles",
"version": "2",
"minzoom": "13",
"maxzoom": "13",
"center": "13.425293,52.522904,13",
"bounds": "13.088348,52.338246,13.761159,52.675508",
"type": "overlay",
"format": "pbf",
"generator": "tippecanoe v1.36.0",
"generator_options": "tippecanoe --output-to-directory ./tiles '--use-attribute-for-id=id' --no-tile-compression --force -B 13 '--minimum-zoom=13' '--maximum-zoom=13' ./fleachen.geojson",
"json": "{\"vector_layers\": [ { \"id\": \"fleachen\", \"description\": \"\", \"minzoom\": 13, \"maxzoom\": 13, \"fields\": {\"BEZEICH\": \"String\"} } ],\"tilestats\": {\"layerCount\": 1,\"layers\": [{\"layer\": \"fleachen\",\"count\": 108122,\"geometry\": \"Polygon\",\"attributeCount\": 1,\"attributes\": [{\"attribute\": \"BEZEICH\",\"count\": 24,\"type\": \"string\",\"values\": [\"AX_Bahnverkehr\",\"AX_FlaecheBesondererFunktionalerPraegung\",\"AX_FlaecheGemischterNutzung\",\"AX_Fliessgewaesser\",\"AX_Flugverkehr\",\"AX_Friedhof\",\"AX_Gehoelz\",\"AX_Hafenbecken\",\"AX_Halde\",\"AX_Heide\",\"AX_IndustrieUndGewerbeflaeche\",\"AX_Landwirtschaft\",\"AX_Moor\",\"AX_Platz\",\"AX_Schiffsverkehr\",\"AX_SportFreizeitUndErholungsflaeche\",\"AX_StehendesGewaesser\",\"AX_Strassenverkehr\",\"AX_Sumpf\",\"AX_TagebauGrubeSteinbruch\",\"AX_UnlandVegetationsloseFlaeche\",\"AX_Wald\",\"AX_Weg\",\"AX_Wohnbauflaeche\"]}]}]}}"
}
